<application>
  <component name="DimensionService">
    <size key="GridCell.Tab.0.left.0.0.1920.1080@120dpi" width="1818" height="512" />
    <size key="GridCell.Tab.0.center.0.0.1920.1080@120dpi" width="1818" height="512" />
    <size key="GridCell.Tab.0.right.0.0.1920.1080@120dpi" width="1818" height="512" />
    <size key="GridCell.Tab.0.bottom.0.0.1920.1080@120dpi" width="1818" height="512" />
    <size key="GridCell.Tab.1.left.0.0.1920.1080@120dpi" width="1818" height="512" />
    <size key="GridCell.Tab.1.center.0.0.1920.1080@120dpi" width="1818" height="512" />
    <size key="GridCell.Tab.1.right.0.0.1920.1080@120dpi" width="1818" height="512" />
    <size key="GridCell.Tab.1.bottom.0.0.1920.1080@120dpi" width="1818" height="512" />
    <size key="GridCell.Tab.2.left.0.0.1920.1080@120dpi" width="1818" height="512" />
    <size key="GridCell.Tab.2.center.0.0.1920.1080@120dpi" width="1818" height="512" />
    <size key="GridCell.Tab.2.right.0.0.1920.1080@120dpi" width="1818" height="512" />
    <size key="GridCell.Tab.2.bottom.0.0.1920.1080@120dpi" width="1818" height="512" />
    <size key="GridCell.Tab.3.left.0.0.1920.1080@120dpi" width="1818" height="512" />
    <size key="GridCell.Tab.3.center.0.0.1920.1080@120dpi" width="1818" height="512" />
    <size key="GridCell.Tab.3.right.0.0.1920.1080@120dpi" width="1818" height="512" />
    <size key="GridCell.Tab.3.bottom.0.0.1920.1080@120dpi" width="1818" height="512" />
  </component>
  <component name="WindowManager">
    <frame x="85" y="25" width="1750" height="980" extendedState="6" />
  </component>
  <component name="WindowStateApplicationService">
    <state x="549" y="130" key="FileChooserDialogImpl" timestamp="1743144080892">
      <screen x="0" y="0" width="1536" height="824" />
    </state>
    <state x="549" y="130" key="FileChooserDialogImpl/0.0.1536.824" timestamp="1743144080892" />
    <state width="586" height="107" key="ShowUsagesActions.dimensionServiceKey" timestamp="1743147668416">
      <screen x="0" y="0" width="1536" height="824" />
    </state>
    <state width="586" height="107" key="ShowUsagesActions.dimensionServiceKey/0.0.1536.824" timestamp="1743147668416" />
    <state x="768" y="383" width="800" height="650" key="WELCOME_SCREEN" timestamp="1743144051323">
      <screen x="0" y="0" width="1536" height="824" />
    </state>
    <state x="768" y="383" width="800" height="650" key="WELCOME_SCREEN/0.0.1536.824" timestamp="1743144051323" />
  </component>
</application>